title	description	keywords	itemreview	summary	date_reclamo	ip_info	state_rec	reclamo	ip_user	visitas	campo_empresa	empresa
A3D Antena 3 Directo Chile  - Cobran Mas De Que Anuncian - Ninguno | Reclamos.cl	Compre una PEIN RUNNER PRO. COSTABA 28400... Se pagaron de 29900... Un fraude... Llame .debo esperar la próxima semana ... Esta ahora publicada en internet... A	A3Directo,reclamos,encuentro,empresas,organizaciones,personas,sernac,quejas,jurídico,leyes	A3d antena 3 directo chile 	Cobran mas de que anuncian	Sábado 16, December 2017	Publicado por: IP 190.22.6.181 el Sábado, December 16, 2017 - 13:20. La persona que publicó este contenido se ha identificado internamente con su nombre, rut y otros datos aportados voluntariamente. Para tomar contacto con el autor considere las alternativas que se presentan a la derecha del contenido. Las opiniones publicadas por los usuarios del foro no reflejan necesariamente la opinión de los administradores de Reclamos.cl.	
      La empresa aun no responde... Al consultar .la respuesta es.  " solo debo esperar...." 	
Compre una PEIN RUNNER PRO. COSTABA 28400...  Se pagaron de 29900... Un fraude... Llame .debo esperar la próxima semana ... Esta ahora publicada en internet... A 28400... Y dicen que yo vi mal  el precio....  Descarados . empresa poco honesta.... Ya caí en el engaño.... Ojala esto evite que otros usuarios sigan siendo  ********s ... 	Publicado por: IP 190.22.6.181 el Sábado, December 16, 2017 - 13:20. La persona que publicó este contenido se ha identificado internamente con su nombre, rut y otros datos aportados voluntariamente. Para tomar contacto con el autor considere las alternativas que se presentan a la derecha del contenido. Las opiniones publicadas por los usuarios del foro no reflejan necesariamente la opinión de los administradores de Reclamos.cl.	2 lecturas	-Retail	A3Directo
A3D - Ineficiencia De Servicio Al Cliente Y Producto Mal Estado - Ningún Resultado | Reclamos.cl	Al llamar al Servicio al Cliente solicito poder cambiar una luz Star Shower (había comprado 2 equipos) ya que se empaña al estar al aire libre y no cumple con lo	A3Directo,reclamos,encuentro,empresas,organizaciones,personas,sernac,quejas,jurídico,leyes	A3d	Ineficiencia de servicio al cliente y producto mal estado	Martes 19, December 2017	Publicado por: IP 163.247.67.244 el Martes, December 19, 2017 - 16:39. La persona que publicó este contenido se ha identificado internamente con su nombre, rut y otros datos aportados voluntariamente. Para tomar contacto con el autor considere las alternativas que se presentan a la derecha del contenido. Las opiniones publicadas por los usuarios del foro no reflejan necesariamente la opinión de los administradores de Reclamos.cl.	
      No ha habido ninguna comunicación conmigo.     	
Al llamar al Servicio al Cliente solicito poder cambiar una luz Star Shower (había comprado 2 equipos) ya que se empaña al estar al aire libre y no cumple con lo ofertado y requerido.
Ante esto me solicitan que debo enviar los 2 equipos (uno de ellos bueno y funcionando y que está en otra ciudad) por que así es la única forma que me cambien el que está en mal estado, lo que es una estupidez, teniendo en cuenta que son los mismos equipo y solo se necesita cambiar uno.; teniendo yo que asumir con el costo de enviar de una ciudad a otra el que esta en buen estado y, adema,s tener que volver a pagar para enviar los dos equipos a la empresa para que me cambien solo el que está en mal estado. La supervisora Sra Sandra Villagra, con una mala actitud,  no entrega una solución efectiva, mostrando su falta de criterio y voluntad ante el cliente. 	Publicado por: IP 163.247.67.244 el Martes, December 19, 2017 - 16:39. La persona que publicó este contenido se ha identificado internamente con su nombre, rut y otros datos aportados voluntariamente. Para tomar contacto con el autor considere las alternativas que se presentan a la derecha del contenido. Las opiniones publicadas por los usuarios del foro no reflejan necesariamente la opinión de los administradores de Reclamos.cl.	2 lecturas	-Retail	A3Directo
Antena 3 Directo - Devolucion De Producto | Reclamos.cl	Ya tengo mi reclamo en relacion a la compra de Star Shower,pero han de saber que para devolverlo,tengo que hacerlo en una oficina de correos de chile o chile	A3Directo,reclamos,encuentro,empresas,organizaciones,personas,sernac,quejas,jurídico,leyes	Antena 3 directo	Devolucion de producto	Jueves 28, December 2017	Publicado por: IP 170.239.191.19 el Jueves, December 28, 2017 - 11:37. La persona que publicó este contenido se ha identificado internamente con su nombre, rut y otros datos aportados voluntariamente. Para tomar contacto con el autor considere las alternativas que se presentan a la derecha del contenido. Las opiniones publicadas por los usuarios del foro no reflejan necesariamente la opinión de los administradores de Reclamos.cl.	A3Directo producto
A3Directo publicidad
A3Directo engaosa
A3Directo dinero
A3Directo comprado
A3Directo devolucion
A3Directo entrega
	
Ya tengo mi reclamo en relacion a la compra de Star Shower,pero han de saber que para devolverlo,tengo que hacerlo en una oficina de correos de chile o chile express,debiendo cancelar el valor que esto signifique.
Por lo tanto detallo las faltas de esta Empresa.
Incumplimiento en la entrega
Excusas poco creibles,como por ejemplo que el producto se perdio en el trayecto,o fuimos a su domicilio y no salio nadie,le llamamos y no contesto.
El producto no cumplio con mis expectativas y con lo que yo vi en la promocion de television.
Cobraron la entrega a domicilio y me llamaron para que fuera yo a buscar el producto a una bodega de dudosa instalacion,pues no tiene ninguna identificacion y llegue alli solo preguntando a mucha gente de alrededores de la zona.
Fui a una oficina de Chile Express y tuve que pagar 6040 seis mil cuarenta pesos para devolverles el producto.  Orden de transporte numero 346114431051 con destino Antena 3 directo Eduardo Frei Montalva 6001 Bodega 46 Santiago. Gracias por acoger mi descargo.
Saludos 	Publicado por: IP 170.239.191.19 el Jueves, December 28, 2017 - 11:37. La persona que publicó este contenido se ha identificado internamente con su nombre, rut y otros datos aportados voluntariamente. Para tomar contacto con el autor considere las alternativas que se presentan a la derecha del contenido. Las opiniones publicadas por los usuarios del foro no reflejan necesariamente la opinión de los administradores de Reclamos.cl.	2 lecturas	-Retail	A3Directo
Antena Tres Directo - Mala Gestion De Envio | Reclamos.cl	sres antena tres directo pte siendo usuaria de sus servicios bastante tiempo , he realizado nuevamente una compra de una unidad de sarten cuadrado red copper el dia 17	A3Directo,reclamos,encuentro,empresas,organizaciones,personas,sernac,quejas,jurídico,leyes	Antena tres directo	Mala gestion de envio	Jueves 26, Octubre 2017	Publicado por: IP 200.104.198.41 el Jueves, Octubre 26, 2017 - 08:57. La persona que publicó este contenido se ha identificado internamente con su nombre, rut y otros datos aportados voluntariamente. Para tomar contacto con el autor considere las alternativas que se presentan a la derecha del contenido. Las opiniones publicadas por los usuarios del foro no reflejan necesariamente la opinión de los administradores de Reclamos.cl.	A3Directo producto
A3Directo publicidad
A3Directo engaosa
A3Directo dinero
A3Directo comprado
A3Directo devolucion
A3Directo entrega
	
sres antena tres directo
pte
siendo usuaria de sus servicios bastante tiempo , he realizado nuevamente una compra de una unidad de sarten cuadrado red copper el dia 17 de octubre del presente año , cancelado por via internet su total correspondiente y que a la fecha actual hoy 26 de octubre no me han dado ninguna respuesta concreta solo tramites de llamadas entre ustedes y blu express , me es muy molesta esta situacion engorrosa de no tener solucion en 9 dias que han pasado  , teniendo  en dia tanta modernidad en las comunicaciones , solicito seriedad y solucion estan trabajando con clientes y esto da mucha Mala impresion .,
sonia rojas gonzalez 	Publicado por: IP 200.104.198.41 el Jueves, Octubre 26, 2017 - 08:57. La persona que publicó este contenido se ha identificado internamente con su nombre, rut y otros datos aportados voluntariamente. Para tomar contacto con el autor considere las alternativas que se presentan a la derecha del contenido. Las opiniones publicadas por los usuarios del foro no reflejan necesariamente la opinión de los administradores de Reclamos.cl.	2 lecturas	-Retail	A3Directo
Antena 3 Directo - Devolución O Cambio De Producto | Reclamos.cl	estimado (a) con todo respeto me doy cuenta que si bien son una empresa grande y de prestigio les importa nada la opinión de su clientela,compre unos productos por este	A3Directo,reclamos,encuentro,empresas,organizaciones,personas,sernac,quejas,jurídico,leyes	Antena 3 directo	Devolución o cambio de producto	Jueves 21, Septiembre 2017	Publicado por: IP 186.78.34.211 el Jueves, Septiembre 21, 2017 - 11:35. La persona que publicó este contenido se ha identificado internamente con su nombre, rut y otros datos aportados voluntariamente. Para tomar contacto con el autor considere las alternativas que se presentan a la derecha del contenido. Las opiniones publicadas por los usuarios del foro no reflejan necesariamente la opinión de los administradores de Reclamos.cl.	A3Directo producto
A3Directo publicidad
A3Directo engaosa
A3Directo dinero
A3Directo comprado
A3Directo devolucion
A3Directo entrega
	
estimado (a)
con todo respeto me doy cuenta que si bien son una empresa grande y de prestigio les importa nada la opinión de su clientela,compre  unos productos por este medio y trate muchas veces de realizar un cambio ya que no era la talla que necesitaba,en fin intente e intente pero si me doy cuenta que jamas volveré a comprar a su empresa por la mala calidad de atención al momento de querer solicitar un cambio haré mi reclamo pertinente.por mi están catalogados como una empresa que solo le importa vender y vender y no se preocupa de nada mas déjenme decirles que ahí no termina la venta ya que dejan una muy mala opinión al respecto yo transmitiré que son una empresa mal catalogada que no compren en ella,que no vale la pena
saludos y que tengan buena tarde 	Publicado por: IP 186.78.34.211 el Jueves, Septiembre 21, 2017 - 11:35. La persona que publicó este contenido se ha identificado internamente con su nombre, rut y otros datos aportados voluntariamente. Para tomar contacto con el autor considere las alternativas que se presentan a la derecha del contenido. Las opiniones publicadas por los usuarios del foro no reflejan necesariamente la opinión de los administradores de Reclamos.cl.	2 lecturas	-Retail	A3Directo
Abastible - App Mala | Reclamos.cl	He tratado de utilizar la App en 10 pedidos diferente, siempre queda pegada y la única veces que ha funcionado no te llama nadie, una vergüenza, en vez de publicitar	Abastible,reclamos,encuentro,empresas,organizaciones,personas,sernac,quejas,jurídico,leyes	Abastible	App mala	Domingo 03, December 2017	Publicado por: IP 200.86.13.74 el Domingo, December 3, 2017 - 12:33. La persona que publicó este contenido se ha identificado internamente con su nombre, rut y otros datos aportados voluntariamente. Para tomar contacto con el autor considere las alternativas que se presentan a la derecha del contenido. Las opiniones publicadas por los usuarios del foro no reflejan necesariamente la opinión de los administradores de Reclamos.cl.	Abastible gas
Abastible entrega
Abastible pedido
Abastible incumplimiento
Abastible servicio
Abastible lleg
Abastible despacho
	
He tratado de utilizar la App en 10 pedidos diferente, siempre queda pegada y la única veces que ha funcionado no te llama nadie, una vergüenza, en vez de publicitar la App deberían utilizar los recursos para reparar la App 	Publicado por: IP 200.86.13.74 el Domingo, December 3, 2017 - 12:33. La persona que publicó este contenido se ha identificado internamente con su nombre, rut y otros datos aportados voluntariamente. Para tomar contacto con el autor considere las alternativas que se presentan a la derecha del contenido. Las opiniones publicadas por los usuarios del foro no reflejan necesariamente la opinión de los administradores de Reclamos.cl.	42 lecturas	-Gas	Abastible
Abastible - Cierre Antes De Horario Publicado  | Reclamos.cl	Ayer 05/12/2017 me dirijo a cancelar mi deuda a la oficina ubicada en avenida Apoquindo y encuentro esta cerrada siendo las 17:35 sin funcionarios en su interior y las	Abastible,reclamos,encuentro,empresas,organizaciones,personas,sernac,quejas,jurídico,leyes	Abastible	Cierre antes de horario publicado 	Miércoles 06, December 2017	Publicado por: IP 201.219.237.55 el Miércoles, December 6, 2017 - 16:00. La persona que publicó este contenido se ha identificado internamente con su nombre, rut y otros datos aportados voluntariamente. Para tomar contacto con el autor considere las alternativas que se presentan a la derecha del contenido. Las opiniones publicadas por los usuarios del foro no reflejan necesariamente la opinión de los administradores de Reclamos.cl.	Abastible gas
Abastible entrega
Abastible pedido
Abastible incumplimiento
Abastible servicio
Abastible lleg
Abastible despacho
	
Ayer 05/12/2017 me dirijo a cancelar mi deuda a la oficina ubicada en avenida Apoquindo  y encuentro esta cerrada siendo las 17:35 sin funcionarios en su interior y las luces apagadas  cuando la hora publica dice 17:45. Veré si procede a reclamo a Sernac por publicidad engañosa o a la Superintendencia. 	Publicado por: IP 201.219.237.55 el Miércoles, December 6, 2017 - 16:00. La persona que publicó este contenido se ha identificado internamente con su nombre, rut y otros datos aportados voluntariamente. Para tomar contacto con el autor considere las alternativas que se presentan a la derecha del contenido. Las opiniones publicadas por los usuarios del foro no reflejan necesariamente la opinión de los administradores de Reclamos.cl.	42 lecturas	-Gas	Abastible
Abastible - Cobro Excesivo Y Se Nego A Darme Boleta. | Reclamos.cl	Vivo en coelemu octaba region del bio bio, provincia de Ñuble..llame al numero 98883088, camioneta de Abastible patente numero GX CY 19 , solicite un gas de 15	Abastible,reclamos,encuentro,empresas,organizaciones,personas,sernac,quejas,jurídico,leyes	Abastible	Cobro excesivo y se nego a darme boleta.	Miércoles 13, December 2017	Publicado por: IP 190.5.48.57 el Miércoles, December 13, 2017 - 19:02. La persona que publicó este contenido se ha identificado internamente con su nombre, rut y otros datos aportados voluntariamente. Para tomar contacto con el autor considere las alternativas que se presentan a la derecha del contenido. Las opiniones publicadas por los usuarios del foro no reflejan necesariamente la opinión de los administradores de Reclamos.cl.	Abastible gas
Abastible entrega
Abastible pedido
Abastible incumplimiento
Abastible servicio
Abastible lleg
Abastible despacho
	
Vivo en coelemu octaba region del bio bio, provincia de Ñuble..llame al numero 98883088, camioneta de Abastible patente numero GX CY 19 , solicite un gas de 15 kilos...cobró 18mil trescientos pesos, u se nego a darme la boleta, con.muy malos modales, a las 18,30 ,hrs.... Espero respuesta...Eliana Cisterna, celular 958781682....gracias... 	Publicado por: IP 190.5.48.57 el Miércoles, December 13, 2017 - 19:02. La persona que publicó este contenido se ha identificado internamente con su nombre, rut y otros datos aportados voluntariamente. Para tomar contacto con el autor considere las alternativas que se presentan a la derecha del contenido. Las opiniones publicadas por los usuarios del foro no reflejan necesariamente la opinión de los administradores de Reclamos.cl.	42 lecturas	-Gas	Abastible
Abastible - Mal Servicio De Reparto A Granel En La Serena | Reclamos.cl	Solicite gas el miércoles pasado para hoy Sábado 30 a primera hora (así quedo registrada la solicitud). Son la 13:40 horas, he llamado en 02 ocasiones al call center	Abastible,reclamos,encuentro,empresas,organizaciones,personas,sernac,quejas,jurídico,leyes	Abastible	Mal servicio de reparto a granel en la serena	Sábado 30, December 2017	Publicado por: IP 190.44.196.135 el Sábado, December 30, 2017 - 13:54. La persona que publicó este contenido se ha identificado internamente con su nombre, rut y otros datos aportados voluntariamente. Para tomar contacto con el autor considere las alternativas que se presentan a la derecha del contenido. Las opiniones publicadas por los usuarios del foro no reflejan necesariamente la opinión de los administradores de Reclamos.cl.	Abastible gas
Abastible entrega
Abastible pedido
Abastible incumplimiento
Abastible servicio
Abastible lleg
Abastible despacho
	
Solicite gas el miércoles pasado para hoy Sábado 30 a primera hora (así quedo registrada la solicitud). Son la 13:40 horas, he llamado en 02 ocasiones al call center para que apoyen con la solicitud y me dicen que enviaran una alerta al repartidor. He perdido toda la mañana esperando y sin poder salir de  mi hogar con la familia.
Abastible tiene una pesima atención de reparto.
No la recomiendo.
atte.
Joaquín 	Publicado por: IP 190.44.196.135 el Sábado, December 30, 2017 - 13:54. La persona que publicó este contenido se ha identificado internamente con su nombre, rut y otros datos aportados voluntariamente. Para tomar contacto con el autor considere las alternativas que se presentan a la derecha del contenido. Las opiniones publicadas por los usuarios del foro no reflejan necesariamente la opinión de los administradores de Reclamos.cl.	42 lecturas	-Gas	Abastible
Abastible - Mal Servicio //no Atendida | Reclamos.cl	El dia viernes 8-012-2017 solicite por teléfono un gas, me indicaron que estarían a más tardar una hora...Pasaron muchas horas y volví a llamar..Dijeron que mi	Abastible,reclamos,encuentro,empresas,organizaciones,personas,sernac,quejas,jurídico,leyes	Abastible	Mal servicio //no atendida	Lunes 11, December 2017	Publicado por: IP 200.113.45.98 el Lunes, December 11, 2017 - 10:14. La persona que publicó este contenido se ha identificado internamente con su nombre, rut y otros datos aportados voluntariamente. Para tomar contacto con el autor considere las alternativas que se presentan a la derecha del contenido. Las opiniones publicadas por los usuarios del foro no reflejan necesariamente la opinión de los administradores de Reclamos.cl.	Abastible gas
Abastible entrega
Abastible pedido
Abastible incumplimiento
Abastible servicio
Abastible lleg
Abastible despacho
	
El dia viernes 8-012-2017 solicite por teléfono un gas, me indicaron que estarían a más tardar una hora...Pasaron muchas horas y volví a llamar..Dijeron que mi pedido estaba en camino...llame toda la tarde y nunca llego..Hice una última llamada  cercana a las  19 hrs. para que lo dejaran para el dia siguiente...Me dijeron que estarían a más tardar a las 10 AM del dia sabado 09-12 ..Seguí llamando todo el dia y nunca llego...Siento que es una burla que se le hace el cliente..En uno de los llamados me indicaron que la direccion estaba erronea el numero de casa...Cosa que no creo porque debi repetirla mas de 10 veces en cada llamado y además el conserje estaba avisado que vendría y nunca vinieron a ninguna casa...y por último tenían mi teléfono...no es la primera vez que solicito el servicio.
Esta situación me dejó muy molesta..
Cero respeto con el cliente. 	Publicado por: IP 200.113.45.98 el Lunes, December 11, 2017 - 10:14. La persona que publicó este contenido se ha identificado internamente con su nombre, rut y otros datos aportados voluntariamente. Para tomar contacto con el autor considere las alternativas que se presentan a la derecha del contenido. Las opiniones publicadas por los usuarios del foro no reflejan necesariamente la opinión de los administradores de Reclamos.cl.	42 lecturas	-Gas	Abastible
Abastible - No Aplican Descuento Ofrecido | Reclamos.cl	La empresa Abastible ofrece un descuento por estar en caja Los Andes, se aplica sólo a dos cilindros por mes, pero dos veces a llegado el camión a la casa con la	Abastible,reclamos,encuentro,empresas,organizaciones,personas,sernac,quejas,jurídico,leyes	Abastible	No aplican descuento ofrecido	Domingo 31, December 2017	Publicado por: IP 152.174.141.140 el Domingo, December 31, 2017 - 12:21. La persona que publicó este contenido se ha identificado internamente con su nombre, rut y otros datos aportados voluntariamente. Para tomar contacto con el autor considere las alternativas que se presentan a la derecha del contenido. Las opiniones publicadas por los usuarios del foro no reflejan necesariamente la opinión de los administradores de Reclamos.cl.	Abastible gas
Abastible entrega
Abastible pedido
Abastible incumplimiento
Abastible servicio
Abastible lleg
Abastible despacho
	
La empresa Abastible ofrece un descuento por estar en caja Los Andes, se aplica sólo a dos cilindros por mes, pero dos veces a llegado el camión a la casa con la máquina mala para el descuento, este mes llamamos a Abastible (ayer) y explicamos la situación, nos dijeron que si el camión viene con la máquina mala para el descuento rechazáramos el pedido y llamáramos de nuevo, y así pasó, llegó con la máquina mala, así que volvimos a llamar e indícanos que el camión tenía mala la máquina del descuento, nos dijeron que enviarían otro camión que si contara con la máquina, bueno, el pedido de gas llegó hoy y también traía la máquina mala para el descuento, lo recibimos por qué ya no podemos esperar más.
En conclusión le empresa ofrece un descuento que no se aplica, y la telefonista al parecer le molesta que se lo digan, pero no es algo que se nos ocurra a los clientes, es lo que Abastible ofrece (un descuento si estás en caja Los Andes) y ya son 4 camiones que llegan a la casa con la máquina mala para el descuento. 	Publicado por: IP 152.174.141.140 el Domingo, December 31, 2017 - 12:21. La persona que publicó este contenido se ha identificado internamente con su nombre, rut y otros datos aportados voluntariamente. Para tomar contacto con el autor considere las alternativas que se presentan a la derecha del contenido. Las opiniones publicadas por los usuarios del foro no reflejan necesariamente la opinión de los administradores de Reclamos.cl.	42 lecturas	-Gas	Abastible
Abastible - Repartidor Hace Uso De Mi Dcto | Reclamos.cl	Al comprar Abastible en Limache con el codigo QR de mi carnet de identidad tengo descuento de $4.000 pesos al mes en total, y son $2.00o pesos por galón. El día 15 de	Abastible,reclamos,encuentro,empresas,organizaciones,personas,sernac,quejas,jurídico,leyes	Abastible	Repartidor hace uso de mi dcto	Martes 19, December 2017	Publicado por: IP 190.107.226.239 el Martes, December 19, 2017 - 21:01. La persona que publicó este contenido se ha identificado internamente con su nombre, rut y otros datos aportados voluntariamente. Para tomar contacto con el autor considere las alternativas que se presentan a la derecha del contenido. Las opiniones publicadas por los usuarios del foro no reflejan necesariamente la opinión de los administradores de Reclamos.cl.	Abastible gas
Abastible entrega
Abastible pedido
Abastible incumplimiento
Abastible servicio
Abastible lleg
Abastible despacho
	
Al comprar Abastible en Limache con  el codigo QR de mi carnet de identidad tengo descuento de $4.000 pesos al mes en total, y son $2.00o pesos por galón.
El día 15 de diciembre compré un galón de 15 a Repartidor de Nombre Anibal a precio $17.990 y con el descuento $15.990.
Hoy, 19 de diciembre al presentar mi carnet para descuento, me informan y me muestran que mi descuento había sido ocupado en su totalidad en la compra anterior.
Al comunicarme con Abastible de Limache y Olmué nadie se hizo responsable y luego, el supuesto supervisor llamado Andrés Olguin, hizo que Anibal, me llamara  a mi celular personal para excusarse con burdos argumentos. Por lo demás, no es la primera vez que la persona que me atiende recurre a la misma patraña.
Adjunto documentos de compra de gas, junto al numero de contacto del Repartidor en cuestión.
Exijo la compensación de los $2.000 pesos a mi cuentarut por esa ese descuento que fue mal utilizado.
Xaviera Ballesteros
rut 17.970.909-0 	Publicado por: IP 190.107.226.239 el Martes, December 19, 2017 - 21:01. La persona que publicó este contenido se ha identificado internamente con su nombre, rut y otros datos aportados voluntariamente. Para tomar contacto con el autor considere las alternativas que se presentan a la derecha del contenido. Las opiniones publicadas por los usuarios del foro no reflejan necesariamente la opinión de los administradores de Reclamos.cl.	42 lecturas	-Gas	Abastible
Abc - No Llego El Despacho | Reclamos.cl	El.dia 7 de dic,realizanos una compra por internet de una bicicleta,supuestamente el.despacho venia con fecha para el.dia 14 del mismo mes (harto tiempo de	ABC,reclamos,encuentro,empresas,organizaciones,personas,sernac,quejas,jurídico,leyes	Abc	No llego el despacho	Martes 26, December 2017	Publicado por: IP 190.47.155.32 el Martes, December 26, 2017 - 00:58. La persona que publicó este contenido se ha identificado internamente con su nombre, rut y otros datos aportados voluntariamente. Para tomar contacto con el autor considere las alternativas que se presentan a la derecha del contenido. Las opiniones publicadas por los usuarios del foro no reflejan necesariamente la opinión de los administradores de Reclamos.cl.	



 

 Leer más

Abc 
            73 lecturas

No llego el despacho






 

 Leer más

Abc 
            169 lecturas

Cobro de seguro sin ocupar la targeta






 

 Leer más

Abc 
            237 lecturas

Acoso telefonico






 

 Leer más

Abc 
            1 lectura

Icumplimiento de despacho 






 

 Leer más

Abc 
            324 lecturas

Despacho de compra




	
El.dia 7 de dic,realizanos una compra por internet de una bicicleta,supuestamente el.despacho venia con fecha para el.dia 14 del mismo mes (harto tiempo de antisipacion,) en.vista que no llegaba comenzamos a.hacer los reclamos pertinentes,(pesima.atencion,nada muy claro de parte de ellos,y dejandonos en.espera hasta 45 minutos,llamando.de un celular) hasta la.fecha,aun no tenemos noticias del envio,ovbiamente la.persona para quien iva a ser el.regalo,no recibio.nada,quien soluciona esto,si hemos dejado una.infinidad de reclamos.via telefonica,sin obtener resultados???,quien arregla.el mal momento pasado por todos losndias en espera,sin contar que se dejo de trabajar dos dias esperando la bendita bicicleta,tenenosnregistro de todo lo.mencionado,que hacer,quien se hace responsable de la.ineficiencia de esta tienda??? Si la unica solucion dada un.dia antes de navidad por parte de los trabajadores,fue anular al.compra???
Pesimo!!!! Para nunca mas,0 empatia,0responsabilidad, 	Publicado por: IP 190.47.155.32 el Martes, December 26, 2017 - 00:58. La persona que publicó este contenido se ha identificado internamente con su nombre, rut y otros datos aportados voluntariamente. Para tomar contacto con el autor considere las alternativas que se presentan a la derecha del contenido. Las opiniones publicadas por los usuarios del foro no reflejan necesariamente la opinión de los administradores de Reclamos.cl.	73 lecturas	-Retail	ABC
Abc - Cobro De Seguro Sin Ocupar La Targeta | Reclamos.cl	estimados. les cuento que me entregaron una tarjeta de abc pero nadie me informo de un cobro por un seguro y me lo esta cobrando me ********n . sin a ver usado la	ABC,reclamos,encuentro,empresas,organizaciones,personas,sernac,quejas,jurídico,leyes	Abc	Cobro de seguro sin ocupar la targeta	Domingo 30, Julio 2017	Publicado por: IP 191.116.34.23 el Domingo, Julio 30, 2017 - 23:35. La persona que publicó este contenido se ha identificado internamente con su nombre, rut y otros datos aportados voluntariamente. Para tomar contacto con el autor considere las alternativas que se presentan a la derecha del contenido. Las opiniones publicadas por los usuarios del foro no reflejan necesariamente la opinión de los administradores de Reclamos.cl.	



 

 Leer más

Abc 
            73 lecturas

No llego el despacho






 

 Leer más

Abc 
            169 lecturas

Cobro de seguro sin ocupar la targeta






 

 Leer más

Abc 
            237 lecturas

Acoso telefonico






 

 Leer más

Abc 
            1 lectura

Icumplimiento de despacho 






 

 Leer más

Abc 
            324 lecturas

Despacho de compra




	
estimados.
les cuento que me entregaron una tarjeta de abc pero nadie me informo de un cobro por un seguro y me lo esta cobrando me  ********n .  sin a ver usado la tarjeta. hoy . me encuentro con la sorpresa de que hay una facturación por dicho seguro. 
saludos.
Rodrigo. 	Publicado por: IP 191.116.34.23 el Domingo, Julio 30, 2017 - 23:35. La persona que publicó este contenido se ha identificado internamente con su nombre, rut y otros datos aportados voluntariamente. Para tomar contacto con el autor considere las alternativas que se presentan a la derecha del contenido. Las opiniones publicadas por los usuarios del foro no reflejan necesariamente la opinión de los administradores de Reclamos.cl.	73 lecturas	-Retail	ABC
Abc - Acoso Telefonico | Reclamos.cl	Encuentro el colmo que siendo cliente que paga todos los meses sus cuotas,me estén llamando todos los días ,por una deuda de $25000 que lleva tres días de	ABC,reclamos,encuentro,empresas,organizaciones,personas,sernac,quejas,jurídico,leyes	Abc	Acoso telefonico	Sábado 18, Marzo 2017	Publicado por: IP 201.236.0.39 el Sábado, Marzo 18, 2017 - 14:11. La persona que publicó este contenido se ha identificado internamente con su nombre, rut y otros datos aportados voluntariamente. Para tomar contacto con el autor considere las alternativas que se presentan a la derecha del contenido. Las opiniones publicadas por los usuarios del foro no reflejan necesariamente la opinión de los administradores de Reclamos.cl.	



 

 Leer más

Abc 
            73 lecturas

No llego el despacho






 

 Leer más

Abc 
            169 lecturas

Cobro de seguro sin ocupar la targeta






 

 Leer más

Abc 
            237 lecturas

Acoso telefonico






 

 Leer más

Abc 
            1 lectura

Icumplimiento de despacho 






 

 Leer más

Abc 
            324 lecturas

Despacho de compra




	
Encuentro el colmo que siendo cliente que paga todos los meses sus cuotas,me estén llamando todos los días  ,por una deuda de $25000 que lleva tres días de atraso..porque mejor no llaman a los clientes que tienen tremendas deudas y por mas dinero que el mio???
Mas encima la operadora que me llama insolentemente me da ordenes y me corta el teléfono..!!!atroz!!! 	Publicado por: IP 201.236.0.39 el Sábado, Marzo 18, 2017 - 14:11. La persona que publicó este contenido se ha identificado internamente con su nombre, rut y otros datos aportados voluntariamente. Para tomar contacto con el autor considere las alternativas que se presentan a la derecha del contenido. Las opiniones publicadas por los usuarios del foro no reflejan necesariamente la opinión de los administradores de Reclamos.cl.	73 lecturas	-Retail	ABC
Abcdin - Call Center | Reclamos.cl	Urgente!!!! Una asesoría al Call center de abcdin, cero respeto al tiempo del cliente llevo días tratando de comunicarme para saber q pasó con el producto q debió	Abcdin,reclamos,encuentro,empresas,organizaciones,personas,sernac,quejas,jurídico,leyes	Abcdin	Call center	Jueves 28, December 2017	Publicado por: IP 186.9.133.230 el Jueves, December 28, 2017 - 17:38. La persona que publicó este contenido se ha identificado internamente con su nombre, rut y otros datos aportados voluntariamente. Para tomar contacto con el autor considere las alternativas que se presentan a la derecha del contenido. Las opiniones publicadas por los usuarios del foro no reflejan necesariamente la opinión de los administradores de Reclamos.cl.	Abcdin despacho
Abcdin incumplimiento
Abcdin llega
Abcdin producto
Abcdin compra
Abcdin entregan
Abcdin fecha
	
Urgente!!!! Una asesoría al Call center de abcdin, cero respeto al tiempo del cliente llevo días tratando de comunicarme para saber q pasó con el producto q debió llegar el 18/12 y aún no se nada, Ya debiesen saber q para periodos de festividades deben contratar más personal de atención al cliente y de despacho, y no solo preocuparse sólo de vender. 	Publicado por: IP 186.9.133.230 el Jueves, December 28, 2017 - 17:38. La persona que publicó este contenido se ha identificado internamente con su nombre, rut y otros datos aportados voluntariamente. Para tomar contacto con el autor considere las alternativas que se presentan a la derecha del contenido. Las opiniones publicadas por los usuarios del foro no reflejan necesariamente la opinión de los administradores de Reclamos.cl.	1 lectura	-Retail	Abcdin
Abcdin - Compra Por Internet Sin Despacho Y Cobro  | Reclamos.cl	Compré un notebook por internet, nunca me lo entregaron y aún así el cobro aparece en mi tarjeta de crédito	Abcdin,reclamos,encuentro,empresas,organizaciones,personas,sernac,quejas,jurídico,leyes	Abcdin	Compra por internet sin despacho y cobro 	Viernes 29, December 2017	Publicado por: IP 191.125.131.120 el Viernes, December 29, 2017 - 21:13. La persona que publicó este contenido se ha identificado internamente con su nombre, rut y otros datos aportados voluntariamente. Para tomar contacto con el autor considere las alternativas que se presentan a la derecha del contenido. Las opiniones publicadas por los usuarios del foro no reflejan necesariamente la opinión de los administradores de Reclamos.cl.	Abcdin despacho
Abcdin incumplimiento
Abcdin llega
Abcdin producto
Abcdin compra
Abcdin entregan
Abcdin fecha
	
Compré un notebook por internet, nunca me lo entregaron y aún así el cobro aparece en mi tarjeta de crédito 	Publicado por: IP 191.125.131.120 el Viernes, December 29, 2017 - 21:13. La persona que publicó este contenido se ha identificado internamente con su nombre, rut y otros datos aportados voluntariamente. Para tomar contacto con el autor considere las alternativas que se presentan a la derecha del contenido. Las opiniones publicadas por los usuarios del foro no reflejan necesariamente la opinión de los administradores de Reclamos.cl.	1 lectura	-Retail	Abcdin
Abcdin - Despacho No Concretado | Reclamos.cl	El día martes 28 de Noviembre del presente, hice una compra la cual me dieron fecha de entrega el 01 de Diciembre cobrando una suma exuberante por el envío de los	Abcdin,reclamos,encuentro,empresas,organizaciones,personas,sernac,quejas,jurídico,leyes	Abcdin	Despacho no concretado	Sábado 02, December 2017	Publicado por: IP 186.78.223.95 el Sábado, December 2, 2017 - 21:31. La persona que publicó este contenido se ha identificado internamente con su nombre, rut y otros datos aportados voluntariamente. Para tomar contacto con el autor considere las alternativas que se presentan a la derecha del contenido. Las opiniones publicadas por los usuarios del foro no reflejan necesariamente la opinión de los administradores de Reclamos.cl.	Abcdin despacho
Abcdin incumplimiento
Abcdin llega
Abcdin producto
Abcdin compra
Abcdin entregan
Abcdin fecha
	
El día martes 28 de Noviembre del presente, hice una compra la cual me dieron fecha de entrega el 01 de Diciembre cobrando una suma exuberante por el envío de los productos los cuales jamás llegaron a mi domicilio como estaba acordado. Llamé mil veces al servicio al cliente, envié correos y como no obtuve respuesta alguna opté por ir a la sucursal Abcdin de mi comuna para ver qué se podía hacer, en la cual fui atendido de una manera que no se podría considerar profesional. Ahora no se que puedo hacer para obtener los productos por los que pagué llegándome una boleta a mi correo. Ojalá tenga una pronta solución a este problema ya que soy cliente. 	Publicado por: IP 186.78.223.95 el Sábado, December 2, 2017 - 21:31. La persona que publicó este contenido se ha identificado internamente con su nombre, rut y otros datos aportados voluntariamente. Para tomar contacto con el autor considere las alternativas que se presentan a la derecha del contenido. Las opiniones publicadas por los usuarios del foro no reflejan necesariamente la opinión de los administradores de Reclamos.cl.	1 lectura	-Retail	Abcdin
Abcdin - Incumplimiento De Entrega | Reclamos.cl	Compre una lavadora con fecha de entrega el jueves 28/12/2017, y no llego llamé un par de veces me tenían 30 minutos esperando al teléfono y no dan una solución, lo	Abcdin,reclamos,encuentro,empresas,organizaciones,personas,sernac,quejas,jurídico,leyes	Abcdin	Incumplimiento de entrega	Viernes 29, December 2017	Publicado por: IP 186.9.8.36 el Viernes, December 29, 2017 - 09:12. La persona que publicó este contenido se ha identificado internamente con su nombre, rut y otros datos aportados voluntariamente. Para tomar contacto con el autor considere las alternativas que se presentan a la derecha del contenido. Las opiniones publicadas por los usuarios del foro no reflejan necesariamente la opinión de los administradores de Reclamos.cl.	Abcdin despacho
Abcdin incumplimiento
Abcdin llega
Abcdin producto
Abcdin compra
Abcdin entregan
Abcdin fecha
	
Compre una lavadora con fecha de entrega el jueves 28/12/2017, y no llego llamé un par de veces me tenían 30 minutos esperando al teléfono y no dan una solución, lo único que me decían ud ya llamo no le podemos dar otro tipo de información, como no te dan una solución o algún tipo de repuesta más coherente 	Publicado por: IP 186.9.8.36 el Viernes, December 29, 2017 - 09:12. La persona que publicó este contenido se ha identificado internamente con su nombre, rut y otros datos aportados voluntariamente. Para tomar contacto con el autor considere las alternativas que se presentan a la derecha del contenido. Las opiniones publicadas por los usuarios del foro no reflejan necesariamente la opinión de los administradores de Reclamos.cl.	1 lectura	-Retail	Abcdin
Abcdin - Incumplimiento De Entrega | Reclamos.cl	Una verguenza la empresa. Compramos una cama el día 22 de Diciembre con fecha de entrega el día de hoy (29/12), para lo cual tuvimos que pedir permiso en el trabajo.	Abcdin,reclamos,encuentro,empresas,organizaciones,personas,sernac,quejas,jurídico,leyes	Abcdin	Incumplimiento de entrega	Viernes 29, December 2017	Publicado por: IP 190.215.102.64 el Viernes, December 29, 2017 - 20:45. La persona que publicó este contenido se ha identificado internamente con su nombre, rut y otros datos aportados voluntariamente. Para tomar contacto con el autor considere las alternativas que se presentan a la derecha del contenido. Las opiniones publicadas por los usuarios del foro no reflejan necesariamente la opinión de los administradores de Reclamos.cl.	Abcdin despacho
Abcdin incumplimiento
Abcdin llega
Abcdin producto
Abcdin compra
Abcdin entregan
Abcdin fecha
	
Una verguenza la empresa. Compramos una cama el día 22 de Diciembre con fecha de entrega el día de hoy (29/12), para lo cual tuvimos que pedir permiso en el trabajo. Llamamos durante la tarde y nos dijeron que se confirmaba el despacho sin embargo, existía un retraso. Siendo las 21 hrs, no llegó obviamente el producto y perdimos todo el día.
Un asco esta empresa.
Claro, me arrepiento no haber visto los miles de comentarios que decían lo mismo. 	Publicado por: IP 190.215.102.64 el Viernes, December 29, 2017 - 20:45. La persona que publicó este contenido se ha identificado internamente con su nombre, rut y otros datos aportados voluntariamente. Para tomar contacto con el autor considere las alternativas que se presentan a la derecha del contenido. Las opiniones publicadas por los usuarios del foro no reflejan necesariamente la opinión de los administradores de Reclamos.cl.	1 lectura	-Retail	Abcdin
Abcdin  - Incumplimiento En El Despacho. | Reclamos.cl	con fecha 07 de diciembre 2017, realice por internet una compra de una cama mas respaldo y un velador, n° de boleta 92800834, el cual tenia por fecha de despacho el dia	Abcdin,reclamos,encuentro,empresas,organizaciones,personas,sernac,quejas,jurídico,leyes	Abcdin 	Incumplimiento en el despacho.	Jueves 28, December 2017	Publicado por: IP 186.67.253.74 el Jueves, December 28, 2017 - 12:48. La persona que publicó este contenido se ha identificado internamente con su nombre, rut y otros datos aportados voluntariamente. Para tomar contacto con el autor considere las alternativas que se presentan a la derecha del contenido. Las opiniones publicadas por los usuarios del foro no reflejan necesariamente la opinión de los administradores de Reclamos.cl.	Abcdin despacho
Abcdin incumplimiento
Abcdin llega
Abcdin producto
Abcdin compra
Abcdin entregan
Abcdin fecha
	
con fecha 07 de diciembre 2017, realice por internet una compra de una cama mas respaldo y un velador, n° de boleta 92800834, el cual tenia por fecha de despacho el dia 27 diciembre 2017, a lo cual solicite hora de entrega pero me dicen que eso no lo pueden dar porque depende de la ruta, por lo que solicite en mi trabajo el día libre para esperar mi compra de 20 dias de anticipacion ya que llegan mis suegros el 29 de diciembre desde venezuela. El dia de ayer llame todo el dia a despachos y me informaban que la cama estaba en ruta, a lo cual deje de insistir a las 10 de la noche. hoy 28-12-17 llamo para solicitar información y una explicación de que mi pedido no fuera recibido, a lo que me dijeron lo lamentamos pero su reagendamiento es para el 2 de enero 2018, a lo cual encuentro una burla y una falta de respeto, de partida te informan un dia y no llega el producto, tienes que llamar para saber porque no informan nada. ULTRA DISCONFORME. 	Publicado por: IP 186.67.253.74 el Jueves, December 28, 2017 - 12:48. La persona que publicó este contenido se ha identificado internamente con su nombre, rut y otros datos aportados voluntariamente. Para tomar contacto con el autor considere las alternativas que se presentan a la derecha del contenido. Las opiniones publicadas por los usuarios del foro no reflejan necesariamente la opinión de los administradores de Reclamos.cl.	1 lectura	-Retail	Abcdin
Abcdin - Mantencion De Tarjeta | Reclamos.cl	Hice una compra de $27.970 con el interés me subió a $29.871 la cual fueron a 3 cuotas yendo a pagar la 1 cuota me salieron $15.000 y fracción la cual el puro	Abcdin,reclamos,encuentro,empresas,organizaciones,personas,sernac,quejas,jurídico,leyes	Abcdin	Mantencion de tarjeta	Jueves 28, December 2017	Publicado por: IP 190.5.48.107 el Jueves, December 28, 2017 - 14:20. La persona que publicó este contenido se ha identificado internamente con su nombre, rut y otros datos aportados voluntariamente. Para tomar contacto con el autor considere las alternativas que se presentan a la derecha del contenido. Las opiniones publicadas por los usuarios del foro no reflejan necesariamente la opinión de los administradores de Reclamos.cl.	Abcdin despacho
Abcdin incumplimiento
Abcdin llega
Abcdin producto
Abcdin compra
Abcdin entregan
Abcdin fecha
	
Hice una compra de $27.970 con el interés me subió a $29.871 la cual fueron a 3 cuotas yendo a pagar la 1 cuota me salieron $15.000 y fracción la cual el puro interés por la tarjeta seria casi de $6.000 pesos la cual encuentro un abuso ya voy a pagar 2 veces lo q compre me parece ilógico
      Espero su respuesta a todo esto 
             Gracias 	Publicado por: IP 190.5.48.107 el Jueves, December 28, 2017 - 14:20. La persona que publicó este contenido se ha identificado internamente con su nombre, rut y otros datos aportados voluntariamente. Para tomar contacto con el autor considere las alternativas que se presentan a la derecha del contenido. Las opiniones publicadas por los usuarios del foro no reflejan necesariamente la opinión de los administradores de Reclamos.cl.	1 lectura	-Retail	Abcdin
Abcdin - No Anularon Compra Por Internet Inventando Que Producto Había Sido Recibido | Reclamos.cl	El día 24/10/2017 compré un celular a través de la página ABCDIN. El día siguiente, anulé la Compra de forma exitosa, me confirmaron vía telefónica la anulación	Abcdin,reclamos,encuentro,empresas,organizaciones,personas,sernac,quejas,jurídico,leyes	Abcdin	No anularon compra por internet inventando que producto había sido recibido	Domingo 31, December 2017	Publicado por: IP 190.163.249.97 el Domingo, December 31, 2017 - 17:11. La persona que publicó este contenido se ha identificado internamente con su nombre, rut y otros datos aportados voluntariamente. Para tomar contacto con el autor considere las alternativas que se presentan a la derecha del contenido. Las opiniones publicadas por los usuarios del foro no reflejan necesariamente la opinión de los administradores de Reclamos.cl.	Abcdin despacho
Abcdin incumplimiento
Abcdin llega
Abcdin producto
Abcdin compra
Abcdin entregan
Abcdin fecha
	
El día 24/10/2017 compré un celular a través de la página ABCDIN. El día siguiente, anulé la Compra de forma exitosa, me confirmaron vía telefónica la anulación de la compra, a través del número de atención al cliente de Abcdin 600 830 2222. Dos días después, extrañamente, el Producto llega a mi domicilio y yo, por supuesto, rechazo recepcionarlo por el motivo antedicho de la anulación de la compra, informando de la situación al repartidor,
Desde el día 25 de Octubre a la fecha, llamando en reiteradas ocasiones (más de 10 veces). Me informaban que la anulación y devolución de dinero no se iba a realizar debido a que les figuraba en sistema de que "EL Producto HABÍA Sido RECIBIDO". En más de 5 llamadas me dijeron exactamente lo mismo lo cual jamás sucedió. 
Me indicaron que iban a hablar con la supervisora, escalar el tema y ponerse en contacto con el área de POST - VENTA, el cual nunca contesto. Hasta el día de hoy, al llamar para ver mi caso, me dicen exactamente lo mismo, me indican que POST VENTA aún no revisa el caso, que hay una solicitud abierta y un sin fin de solicitudes sin revisar. Solicité la guía de despacho y mi firma en ella para probar que recibí el Producto y ellos indican que no pueden ver esa información, se niegan totalmente a darme cualquier tipo de solución. También pedí algún número de contacto alternativo para llamar, alguna dirección, algún jefe y ellos me indican que no manejan ningún tipo de información al respecto y que solo llamando al mismo número que he llamado más de 10 veces (600 830 2222) se pueden solucionar las anulaciones por ventas de Internet.
He anotado la mayoría de registros de llamadas, nombres y números de solicitudes de anulación para tenerla como respaldo, al igual que grabaciones de audio. En este momento me encuentro con SERNAC tratando de solucionar el inconveniente y tramitando con un abogado debido a que ya no recibí solución de ABCDIN.
El servicio de compras vía Internet de ABC es EXCELENTE en la medida que se les transfiera el precio de la compra. Si el cliente devuelve el producto, lo que en este caso redunda en anulación de la Compra vía remota, la atención es MUY INSUFICIENTE, MALA. En otros términos ABC DIN se porta muy bien si uno quiere comprarle productos y MUY MAL en el servicio post-venta, lo cual deja mucho que desear porque el servicio post-venta es de enorme influencia en la imagen de la marca y la calidad de sus productos.
SÓLO SI obtengo una solución a este problema dejaré de pensar y transmitir que ABC DIN SOLO CUBRE SUS INTERESES PERO NO LOS DEL CLIENTE. Para mí, como cliente, esta situación es cercana a la  *****a , he desembolsado $102.980 y no he obtenido la devolución de mi dinero, sólo por no tener un servicio post-venta como corresponde, donde cada cliente importa y, asumir los errores que cometen como empresa, solucionando los graves inconvenientes causados a sus clientes.
Muchísimas gracias por leer. 	Publicado por: IP 190.163.249.97 el Domingo, December 31, 2017 - 17:11. La persona que publicó este contenido se ha identificado internamente con su nombre, rut y otros datos aportados voluntariamente. Para tomar contacto con el autor considere las alternativas que se presentan a la derecha del contenido. Las opiniones publicadas por los usuarios del foro no reflejan necesariamente la opinión de los administradores de Reclamos.cl.	1 lectura	-Retail	Abcdin
Abcdin - No Cumple  Con Fechas De Despacho | Reclamos.cl	El dia 28 de diciembre cancele 8990 pesos por un despacho de una cama que compre el 13 de diciembre..llegado el dia no llega nada podtia tomarse la molestia de llamar al	Abcdin,reclamos,encuentro,empresas,organizaciones,personas,sernac,quejas,jurídico,leyes	Abcdin	No cumple  con fechas de despacho	Jueves 28, December 2017	Publicado por: IP 186.9.134.115 el Jueves, December 28, 2017 - 20:50. La persona que publicó este contenido se ha identificado internamente con su nombre, rut y otros datos aportados voluntariamente. Para tomar contacto con el autor considere las alternativas que se presentan a la derecha del contenido. Las opiniones publicadas por los usuarios del foro no reflejan necesariamente la opinión de los administradores de Reclamos.cl.	Abcdin despacho
Abcdin incumplimiento
Abcdin llega
Abcdin producto
Abcdin compra
Abcdin entregan
Abcdin fecha
	
El dia 28 de diciembre cancele 8990 pesos por un despacho de una cama que compre el 13 de diciembre..llegado el dia no llega nada podtia  tomarse la molestia de llamar al cliente para dar explicaciones ya que no es un servicio gratuiti es cancelado por el cliente son unos irresponsables... 	Publicado por: IP 186.9.134.115 el Jueves, December 28, 2017 - 20:50. La persona que publicó este contenido se ha identificado internamente con su nombre, rut y otros datos aportados voluntariamente. Para tomar contacto con el autor considere las alternativas que se presentan a la derecha del contenido. Las opiniones publicadas por los usuarios del foro no reflejan necesariamente la opinión de los administradores de Reclamos.cl.	1 lectura	-Retail	Abcdin
Abcdin - No Llega Mi Despacho  | Reclamos.cl	compre el 13 de dic. 2017, por internet blu ray 3d . no llega desde el 20 dic.2017 hasta la fecha, las veces que llamo al numero de atencion al cliente tienen tiempo de	Abcdin,reclamos,encuentro,empresas,organizaciones,personas,sernac,quejas,jurídico,leyes	Abcdin	No llega mi despacho 	Jueves 28, December 2017	Publicado por: IP 200.27.88.130 el Jueves, December 28, 2017 - 22:49. La persona que publicó este contenido se ha identificado internamente con su nombre, rut y otros datos aportados voluntariamente. Para tomar contacto con el autor considere las alternativas que se presentan a la derecha del contenido. Las opiniones publicadas por los usuarios del foro no reflejan necesariamente la opinión de los administradores de Reclamos.cl.	Abcdin despacho
Abcdin incumplimiento
Abcdin llega
Abcdin producto
Abcdin compra
Abcdin entregan
Abcdin fecha
	
compre el 13 de dic. 2017, por internet  blu ray 3d . no llega desde el 20 dic.2017 hasta la fecha, las veces que llamo al numero de atencion al cliente tienen tiempo de espera de 30 minutos, la vez, que me contestaron, " le daremos solucion en 48 horas. sigo esperando.
me han llegado dos mensajes a mi telefono "abcdin le propone dejar sin efecto su despacho y anular la venta. le daremos un beneficio de $40.000 disponibles ahora en tienda cob su rut. si acepto envie 1.
lo encuentro ultimo, se rien de sus clientes que beneficio es este, si no me devuelven el dinero, me obligan a ocupar mi dinero en la misma tienda.
insolito
no tengo respuesta aun. 	Publicado por: IP 200.27.88.130 el Jueves, December 28, 2017 - 22:49. La persona que publicó este contenido se ha identificado internamente con su nombre, rut y otros datos aportados voluntariamente. Para tomar contacto con el autor considere las alternativas que se presentan a la derecha del contenido. Las opiniones publicadas por los usuarios del foro no reflejan necesariamente la opinión de los administradores de Reclamos.cl.	1 lectura	-Retail	Abcdin
Abcdin - No Me Llegó El Producto  | Reclamos.cl	Compré hace 1 semana una cocina y me dijeron que llegaría el 29 de diciembre y que me llamarían para avisarme antes y he estado todo el día esperando el producto y	Abcdin,reclamos,encuentro,empresas,organizaciones,personas,sernac,quejas,jurídico,leyes	Abcdin	No me llegó el producto 	Viernes 29, December 2017	Publicado por: IP 186.156.197.143 el Viernes, December 29, 2017 - 21:07. La persona que publicó este contenido se ha identificado internamente con su nombre, rut y otros datos aportados voluntariamente. Para tomar contacto con el autor considere las alternativas que se presentan a la derecha del contenido. Las opiniones publicadas por los usuarios del foro no reflejan necesariamente la opinión de los administradores de Reclamos.cl.	Abcdin despacho
Abcdin incumplimiento
Abcdin llega
Abcdin producto
Abcdin compra
Abcdin entregan
Abcdin fecha
	
Compré hace 1 semana una cocina y me dijeron que llegaría el 29 de diciembre y que me llamarían para avisarme antes y he estado todo el día esperando el producto y no ha pasado nada. Ya son las 21:00 hrs y no hay a quien preguntar cuando va a llegar. Me siento molesta por esta situación porque además te hacen cancelar un despacho y la fecha no se cumple. 	Publicado por: IP 186.156.197.143 el Viernes, December 29, 2017 - 21:07. La persona que publicó este contenido se ha identificado internamente con su nombre, rut y otros datos aportados voluntariamente. Para tomar contacto con el autor considere las alternativas que se presentan a la derecha del contenido. Las opiniones publicadas por los usuarios del foro no reflejan necesariamente la opinión de los administradores de Reclamos.cl.	1 lectura	-Retail	Abcdin
Abogado - Demanda Laboral Vencida Por 1 Día | Reclamos.cl	Ya ha transcurrido un tiempo y creo absolutamente necesario dejar esta constancia del mal actuar de un abogado. Fui despedido de una empresa de Salud injustificadamente	Abogados,reclamos,encuentro,empresas,organizaciones,personas,sernac,quejas,jurídico,leyes	Abogado	Demanda laboral vencida por 1 día	Martes 07, Febrero 2017	Publicado por: IP 181.72.140.222 el Martes, Febrero 7, 2017 - 17:51. La persona que publicó este contenido se ha identificado internamente con su nombre, rut y otros datos aportados voluntariamente. Para tomar contacto con el autor considere las alternativas que se presentan a la derecha del contenido. Las opiniones publicadas por los usuarios del foro no reflejan necesariamente la opinión de los administradores de Reclamos.cl.	



 

 Leer más

Abogados 
            1 lectura

Prácticas abusivas corredor de propiedades






 

 Leer más

Abogado 
            1554 lecturas

No realización de trámites






 

 Leer más

Abogado 
            1 lectura

Demanda laboral vencida por 1 día






 

 Leer más

Abogados  
            1172 lecturas

Incumplimiento de regimen de visitas 






 

 Leer más

Abogados 
            2403 lecturas

Abogada chanta




	
Ya ha transcurrido un tiempo y creo absolutamente necesario dejar esta constancia del mal actuar de un abogado.
Fui despedido de una empresa de Salud injustificadamente y me vi en la obligación de recurrir por primera vez a un abogado laboral, me llevo un tiempo encontrarlo debido a la mala fama que algunos tienen por faltas a la ética profesional. Después de una búsqueda no menor, contraté al señor Jorge Renato Figueroa Lopez, el cual, a pesar de su edad, me dió la seguridad que íbamos a dar la pelea por un despido que debía ser ajustado a derecho. Teníamos todo para ganar el juicio ya que sabemos que las empresa abusan muchas y reiteradas veces por subestimar a los trabajadores y por muchos otros motivos. Por mi parte le envíe todo lo necesario para que trabajara en el escrito y presentar mi Demanda en los tribunales laborales. Cuando uno hace un acuerdo con un abogado lo menos que espera que sea flojo, desordenado, arrogante, mentiroso, y otros calificativos que cuando lean el motivo de la perdida del juicio sacarán sus propias conclusiones.
La Demanda presentada por el señor abogado, fue hecha fuera de plazo, es decir, legalmente una vez de no haber llegado a acuerdo en la Inspección del trabado, tenemos 90 días para presentar la Demanda en tribunales (días mas/menos), de lo contrario, la Demanda queda como vencida y sería todo para el trabajador.
El señor Figueroa, presentó la Demanda el día 91, sí!!!, un día después del plazo establecido por la Ley. Que habrá pasado ????, amigos Abogados me han dado sus opiniones, que lamentablemente llegó a un denominador común, habrá sido tentado???...hasta el día de hoy no lo creo pero dejo esta ventana abierta para que cada uno pueda libremente interpretarlo. Y por sobre todo, pensarlo muy bien si quieren los servicios del señor Jorge Figueroa.
Me correspondía $10.000.000.- de pesos por concepto de indemnización, mas el 80% adicional por ser mal despedido de acuerdo a lo que estipula el Código del trabajo . Cifras no menor que afectaron toda una familia, madre, hijos, proyecciones, etc. Al final tuve que negociar y aceptar $5.600.000.- aproximadamente que la Isapre me ofreció al momento de presentarme en tribunales.
Suerte y consideren si van a contratar a este abogado. 	Publicado por: IP 181.72.140.222 el Martes, Febrero 7, 2017 - 17:51. La persona que publicó este contenido se ha identificado internamente con su nombre, rut y otros datos aportados voluntariamente. Para tomar contacto con el autor considere las alternativas que se presentan a la derecha del contenido. Las opiniones publicadas por los usuarios del foro no reflejan necesariamente la opinión de los administradores de Reclamos.cl.	1 lectura	1revisar	Abogados
Abogado - No Realización De Trámites | Reclamos.cl	Quiero dejar mi reclamo por la desidia y poco profesionalismo del abogado Héctor Fabian Gatica Díaz, RUT 13446197-6, a quien se le canceló sus honarios por dos	Abogados,reclamos,encuentro,empresas,organizaciones,personas,sernac,quejas,jurídico,leyes	Abogado	No realización de trámites	Domingo 12, Febrero 2017	Publicado por: IP 181.160.2.238 el Domingo, Febrero 12, 2017 - 21:18. La persona que publicó este contenido se ha identificado internamente con su nombre, rut y otros datos aportados voluntariamente. Para tomar contacto con el autor considere las alternativas que se presentan a la derecha del contenido. Las opiniones publicadas por los usuarios del foro no reflejan necesariamente la opinión de los administradores de Reclamos.cl.	



 

 Leer más

Abogados 
            1 lectura

Prácticas abusivas corredor de propiedades






 

 Leer más

Abogado 
            1554 lecturas

No realización de trámites






 

 Leer más

Abogado 
            1 lectura

Demanda laboral vencida por 1 día






 

 Leer más

Abogados  
            1172 lecturas

Incumplimiento de regimen de visitas 






 

 Leer más

Abogados 
            2403 lecturas

Abogada chanta




	
Quiero dejar mi reclamo por la desidia y poco profesionalismo del abogado Héctor Fabian Gatica Díaz, RUT 13446197-6, a quien se le canceló sus honarios por dos trámites y ni siquiera mandó los documentos por correos, favor no contraten los servicios de este abogado. 	Publicado por: IP 181.160.2.238 el Domingo, Febrero 12, 2017 - 21:18. La persona que publicó este contenido se ha identificado internamente con su nombre, rut y otros datos aportados voluntariamente. Para tomar contacto con el autor considere las alternativas que se presentan a la derecha del contenido. Las opiniones publicadas por los usuarios del foro no reflejan necesariamente la opinión de los administradores de Reclamos.cl.	1 lectura	1revisar	Abogados
Abogados - Prácticas Abusivas Corredor De Propiedades | Reclamos.cl	El Corredor de propiedades "RENTOPROPIEDADES" tiene Prácticas abusivas: 1.- Hace contrato nuevo todos los años, desconociendo los años anteriores del	Abogados,reclamos,encuentro,empresas,organizaciones,personas,sernac,quejas,jurídico,leyes	Abogados	Prácticas abusivas corredor de propiedades	Jueves 02, Marzo 2017	Publicado por: IP 191.125.3.14 el Jueves, Marzo 2, 2017 - 16:27. La persona que publicó este contenido se ha identificado internamente con su nombre, rut y otros datos aportados voluntariamente. Para tomar contacto con el autor considere las alternativas que se presentan a la derecha del contenido. Las opiniones publicadas por los usuarios del foro no reflejan necesariamente la opinión de los administradores de Reclamos.cl.	



 

 Leer más

Abogados 
            1 lectura

Prácticas abusivas corredor de propiedades






 

 Leer más

Abogado 
            1554 lecturas

No realización de trámites






 

 Leer más

Abogado 
            1 lectura

Demanda laboral vencida por 1 día






 

 Leer más

Abogados  
            1172 lecturas

Incumplimiento de regimen de visitas 






 

 Leer más

Abogados 
            2403 lecturas

Abogada chanta




	
El Corredor de propiedades "RENTOPROPIEDADES" tiene Prácticas abusivas:
1.- Hace contrato nuevo todos los años, desconociendo los años anteriores del arrendatario
2.- Obliga a pagar al arrendatario todas las costas de esta práctica abusiva
3.- Aumenta el canon de arriendo de manera usurera: 15% anual
4.- Si tienes cambio de AVAL te obliga a pagar $150 Mil
5.- No me entregaron el último contrato que firmé y por el cual pagué todos esos costos.
¿Que puedo hacer?
FERNANDO RAMOS QUIROGA
Cel 998480639 	Publicado por: IP 191.125.3.14 el Jueves, Marzo 2, 2017 - 16:27. La persona que publicó este contenido se ha identificado internamente con su nombre, rut y otros datos aportados voluntariamente. Para tomar contacto con el autor considere las alternativas que se presentan a la derecha del contenido. Las opiniones publicadas por los usuarios del foro no reflejan necesariamente la opinión de los administradores de Reclamos.cl.	1 lectura	1revisar	Abogados
Acepta.com - No Podemos Hacer Factura Electronica | Reclamos.cl	Suscribimos con acepta el.sistema de integracion para factura electronica desde nuestros sistemas. Desde el viernes que no podemos facturar. La mesa de ayuda no	Acepta.com,reclamos,encuentro,empresas,organizaciones,personas,sernac,quejas,jurídico,leyes	Acepta.com	No podemos hacer factura electronica	Lunes 24, Abril 2017	Publicado por: IP 181.73.155.94 el Lunes, Abril 24, 2017 - 13:49. La persona que publicó este contenido se ha identificado internamente con su nombre, rut y otros datos aportados voluntariamente. Para tomar contacto con el autor considere las alternativas que se presentan a la derecha del contenido. Las opiniones publicadas por los usuarios del foro no reflejan necesariamente la opinión de los administradores de Reclamos.cl.	



 

 Leer más

Acepta.com 
            134 lecturas

No quieren devolver mi dinero






 

 Leer más

Acepta.com 
            238 lecturas

Factura electronica no enviada






 

 Leer más

Acepta.com 
            317 lecturas

Falla de software y cero soporte






 

 Leer más

Acepta.com 
            295 lecturas

Mala información de ventas   información "engañosa"






 

 Leer más

Acepta.com 
            414 lecturas

No podemos hacer factura electronica




	
Suscribimos con acepta el.sistema de integracion para factura electronica desde nuestros sistemas.
Desde el viernes que no podemos facturar.
La mesa de ayuda no responde. Nos piden dejar un telefono para que retornen la llamada. No llaman.
Tenemos dos empresas paradas. 	Publicado por: IP 181.73.155.94 el Lunes, Abril 24, 2017 - 13:49. La persona que publicó este contenido se ha identificado internamente con su nombre, rut y otros datos aportados voluntariamente. Para tomar contacto con el autor considere las alternativas que se presentan a la derecha del contenido. Las opiniones publicadas por los usuarios del foro no reflejan necesariamente la opinión de los administradores de Reclamos.cl.	134 lecturas	-Servicios Internet	Acepta.com
Acepta.com - Falla De Software Y Cero Soporte | Reclamos.cl	Utilizamos el software WinDTE para facturar electrónicamente. Hace una semana dejó de funcionar la visualización de los documentos (reclamo 3096236) y la publicación	Acepta.com,reclamos,encuentro,empresas,organizaciones,personas,sernac,quejas,jurídico,leyes	Acepta.com	Falla de software y cero soporte	Viernes 16, Junio 2017	Publicado por: IP 190.20.205.213 el Viernes, Junio 16, 2017 - 12:31. La persona que publicó este contenido se ha identificado internamente con su nombre, rut y otros datos aportados voluntariamente. Para tomar contacto con el autor considere las alternativas que se presentan a la derecha del contenido. Las opiniones publicadas por los usuarios del foro no reflejan necesariamente la opinión de los administradores de Reclamos.cl.	



 

 Leer más

Acepta.com 
            134 lecturas

No quieren devolver mi dinero






 

 Leer más

Acepta.com 
            238 lecturas

Factura electronica no enviada






 

 Leer más

Acepta.com 
            317 lecturas

Falla de software y cero soporte






 

 Leer más

Acepta.com 
            295 lecturas

Mala información de ventas   información "engañosa"






 

 Leer más

Acepta.com 
            414 lecturas

No podemos hacer factura electronica




	
Utilizamos el software WinDTE para facturar electrónicamente.
Hace una semana dejó de funcionar la visualización de los documentos (reclamo 3096236) y la publicación de documentos electrónicos. (reclamo 309247).
Se dan un plazo de 48 horas para resolver y tampoco lo hacen. 	Publicado por: IP 190.20.205.213 el Viernes, Junio 16, 2017 - 12:31. La persona que publicó este contenido se ha identificado internamente con su nombre, rut y otros datos aportados voluntariamente. Para tomar contacto con el autor considere las alternativas que se presentan a la derecha del contenido. Las opiniones publicadas por los usuarios del foro no reflejan necesariamente la opinión de los administradores de Reclamos.cl.	134 lecturas	-Servicios Internet	Acepta.com
Acepta.com - Mala Información De Ventas   Información "engañosa" - No Respondieron | Reclamos.cl	Hace unos días realicé la compra de sistema de facturación en Acepta.cl a la cual realicé todas las consultas pertinentes en Call Center de ventas y chat, en mis	Acepta.com,reclamos,encuentro,empresas,organizaciones,personas,sernac,quejas,jurídico,leyes	Acepta.com	Mala información de ventas   información "engañosa"	Lunes 05, Junio 2017	Publicado por: IP 190.160.83.4 el Lunes, Junio 5, 2017 - 19:05. La persona que publicó este contenido se ha identificado internamente con su nombre, rut y otros datos aportados voluntariamente. Para tomar contacto con el autor considere las alternativas que se presentan a la derecha del contenido. Las opiniones publicadas por los usuarios del foro no reflejan necesariamente la opinión de los administradores de Reclamos.cl.	
      Simplemente hacen oídos sordos, no colaboran para tener una mejor imagen corporativa, la verdad la empresa tiene una pésima atención de clientes, es cosa de ver los reclamos que se presentan en este portal.     	
Hace unos días realicé la compra de sistema de facturación en Acepta.cl a la cual realicé todas las consultas pertinentes en Call Center de ventas y chat, en mis conversas siempre fueron 2 preguntas:
1. ¿Puedo emitir boletas?
2. ¿Me mantienen folios ya solicitados?
A lo que a ambas consultas me respondieron satisfactoriamente, a lo que finalmente, después de realizada la compra de un plan básico para probar los servicios me han respondido lo siguiente:
1. ¿Puedo emitir boletas?
R: No, en su plan no puede, si quiere emitir boletas debe contratar un plan más grande y pagar por la certificación un costo de 2UF* (costo que en ninguna parte por lo menos visible para el cliente aparece). En conclución a esto, no puedo emitir boletas por que he comprado un plan bajo y según su agente de atención de clientes de chat, la sra. Natalia * "No es problema de acepta que yo no haya leido las especificaciones"..., en conclusión te ofrecen todo lindo antes y lo feo lo esconden.
2. ¿Me mantienen los folios ya solicitados?
R: Tiene 200 folios autorizados (nuevos) los que ya tenía llame al SII y los anula... ANULA! ¿tiempo de sobra creen que uno tiene para andar haciendo este tipo de gestiones si se suponía que podría usar los casi 50 folios que me quedaban aún por utilizar.
En conclusión global puedo comentar que en mi corta experiencia con esta empresa he tenido más problemas que satisfacciones, gracias a dios sólo perdí casi $8.000.- pero lo que es yo nunca más vuelvo a solicitar un servicio de ninguna índole a esta empresa.
Tomar en consideración que su horario de atención es supuestamente hasta las 18:00 hrs. pero el único departamente que funciona hasta esa hora es la de ventas... soporte a esa hora ya no está disponible...
Lamento el inconveniente y recomiendo leer hasta la letra más pequeña antes de solicitar servicios de Acepta.com 	Publicado por: IP 190.160.83.4 el Lunes, Junio 5, 2017 - 19:05. La persona que publicó este contenido se ha identificado internamente con su nombre, rut y otros datos aportados voluntariamente. Para tomar contacto con el autor considere las alternativas que se presentan a la derecha del contenido. Las opiniones publicadas por los usuarios del foro no reflejan necesariamente la opinión de los administradores de Reclamos.cl.	134 lecturas	-Servicios Internet	Acepta.com
Acepta.com - No Quieren Devolver Mi Dinero | Reclamos.cl	Estimados, Desde el día 13 de octubre que trato de comunicarme con www.acepta.com ya que compre un certificado que no funciona. llevan mas de 1 mes tramitando la	Acepta.com,reclamos,encuentro,empresas,organizaciones,personas,sernac,quejas,jurídico,leyes	Acepta.com	No quieren devolver mi dinero	Jueves 23, Noviembre 2017	Publicado por: IP 181.75.107.154 el Jueves, Noviembre 23, 2017 - 11:09. La persona que publicó este contenido se ha identificado internamente con su nombre, rut y otros datos aportados voluntariamente. Para tomar contacto con el autor considere las alternativas que se presentan a la derecha del contenido. Las opiniones publicadas por los usuarios del foro no reflejan necesariamente la opinión de los administradores de Reclamos.cl.	



 

 Leer más

Acepta.com 
            134 lecturas

No quieren devolver mi dinero






 

 Leer más

Acepta.com 
            238 lecturas

Factura electronica no enviada






 

 Leer más

Acepta.com 
            317 lecturas

Falla de software y cero soporte






 

 Leer más

Acepta.com 
            295 lecturas

Mala información de ventas   información "engañosa"






 

 Leer más

Acepta.com 
            414 lecturas

No podemos hacer factura electronica




	
Estimados,
Desde el día 13 de octubre que trato de comunicarme con www.acepta.com ya que compre un certificado que no funciona. llevan mas de 1 mes tramitando la devolución de mi dinero.
me dijeron que máximo el 17 de noviembre iba a tener mi dinero de vuelta.
se gestiono ya la nota de crédito pero a mi cuenta bancaria no a llegado ninguna devolución.
ya estoy cansado de esta empresa que no se hace responsable. solo se quieren quedar con mi dinero.
LES RECOMIENDO QUE NO COMPRE CON ESTA EMPRESA YA QUE ES POCO SERIA.
NO COMPRE EN WWW.ACEPTA.COM 	Publicado por: IP 181.75.107.154 el Jueves, Noviembre 23, 2017 - 11:09. La persona que publicó este contenido se ha identificado internamente con su nombre, rut y otros datos aportados voluntariamente. Para tomar contacto con el autor considere las alternativas que se presentan a la derecha del contenido. Las opiniones publicadas por los usuarios del foro no reflejan necesariamente la opinión de los administradores de Reclamos.cl.	134 lecturas	-Servicios Internet	Acepta.com
Acepta.com - Factura Electronica No Enviada | Reclamos.cl	El 12 de mayo se procedió a comprar un Certificado digital clase 3, se entregaron todos los datos para envío de la Factura electrónica correspondiente, a la fecha no	Acepta.com,reclamos,encuentro,empresas,organizaciones,personas,sernac,quejas,jurídico,leyes	Acepta.com	Factura electronica no enviada	Miércoles 06, Septiembre 2017	Publicado por: IP 163.247.46.100 el Miércoles, Septiembre 6, 2017 - 16:43. La persona que publicó este contenido se ha identificado internamente con su nombre, rut y otros datos aportados voluntariamente. Para tomar contacto con el autor considere las alternativas que se presentan a la derecha del contenido. Las opiniones publicadas por los usuarios del foro no reflejan necesariamente la opinión de los administradores de Reclamos.cl.	



 

 Leer más

Acepta.com 
            134 lecturas

No quieren devolver mi dinero






 

 Leer más

Acepta.com 
            238 lecturas

Factura electronica no enviada






 

 Leer más

Acepta.com 
            317 lecturas

Falla de software y cero soporte






 

 Leer más

Acepta.com 
            295 lecturas

Mala información de ventas   información "engañosa"






 

 Leer más

Acepta.com 
            414 lecturas

No podemos hacer factura electronica




	
El 12 de mayo se procedió a comprar un Certificado digital clase 3, se entregaron todos los datos para envío de la Factura electrónica correspondiente, a la fecha no ha llegado, no se con quien hablar. 	Publicado por: IP 163.247.46.100 el Miércoles, Septiembre 6, 2017 - 16:43. La persona que publicó este contenido se ha identificado internamente con su nombre, rut y otros datos aportados voluntariamente. Para tomar contacto con el autor considere las alternativas que se presentan a la derecha del contenido. Las opiniones publicadas por los usuarios del foro no reflejan necesariamente la opinión de los administradores de Reclamos.cl.	134 lecturas	-Servicios Internet	Acepta.com
Acer - Garantía Del Note De Yo Elijo Mi Pc De Mi Hijo | Reclamos.cl	El año pasado mi hijo recibio el pc ..hace una semanas no prende y suena el ventilador soy de talcahuano..ayudenos gracias	Acer,reclamos,encuentro,empresas,organizaciones,personas,sernac,quejas,jurídico,leyes	Acer	Garantía del note de yo elijo mi pc de mi hijo	Jueves 15, Junio 2017	Publicado por: IP 186.34.164.185 el Jueves, Junio 15, 2017 - 16:12. La persona que publicó este contenido se ha identificado internamente con su nombre, rut y otros datos aportados voluntariamente. Para tomar contacto con el autor considere las alternativas que se presentan a la derecha del contenido. Las opiniones publicadas por los usuarios del foro no reflejan necesariamente la opinión de los administradores de Reclamos.cl.	



 

 Leer más

Acer 
            1 lectura

Cambio carcasa






 

 Leer más

Acer 
            1 lectura

Garantia






 

 Leer más

Acer 
            234 lecturas

Garantía del note de yo elijo mi pc de mi hijo






 

 Leer más

Acer 
            1 lectura

Pantalla con tinta derramada






 

 Leer más

Acer 
            203 lecturas






	
El año pasado mi hijo recibio el pc ..hace una semanas no prende y suena el ventilador soy de talcahuano..ayudenos gracias 	Publicado por: IP 186.34.164.185 el Jueves, Junio 15, 2017 - 16:12. La persona que publicó este contenido se ha identificado internamente con su nombre, rut y otros datos aportados voluntariamente. Para tomar contacto con el autor considere las alternativas que se presentan a la derecha del contenido. Las opiniones publicadas por los usuarios del foro no reflejan necesariamente la opinión de los administradores de Reclamos.cl.	1 lectura		
Acer - Pantalla Con Tinta Derramada | Reclamos.cl	ya tengo el computador hace 1 año y algo y cada ver que toco la pantalla tactil se expande unas manchas de tinta espero que me resuelvan este problema.	Acer,reclamos,encuentro,empresas,organizaciones,personas,sernac,quejas,jurídico,leyes	Acer	Pantalla con tinta derramada	Sábado 10, Junio 2017	Publicado por: IP 179.57.240.164 el Sábado, Junio 10, 2017 - 14:32. La persona que publicó este contenido se ha identificado internamente con su nombre, rut y otros datos aportados voluntariamente. Para tomar contacto con el autor considere las alternativas que se presentan a la derecha del contenido. Las opiniones publicadas por los usuarios del foro no reflejan necesariamente la opinión de los administradores de Reclamos.cl.	



 

 Leer más

Acer 
            1 lectura

Cambio carcasa






 

 Leer más

Acer 
            1 lectura

Garantia






 

 Leer más

Acer 
            234 lecturas

Garantía del note de yo elijo mi pc de mi hijo






 

 Leer más

Acer 
            1 lectura

Pantalla con tinta derramada






 

 Leer más

Acer 
            203 lecturas






	
ya tengo el computador hace 1 año y algo y cada ver que toco la pantalla tactil se expande unas manchas de tinta espero que me resuelvan este problema. 	Publicado por: IP 179.57.240.164 el Sábado, Junio 10, 2017 - 14:32. La persona que publicó este contenido se ha identificado internamente con su nombre, rut y otros datos aportados voluntariamente. Para tomar contacto con el autor considere las alternativas que se presentan a la derecha del contenido. Las opiniones publicadas por los usuarios del foro no reflejan necesariamente la opinión de los administradores de Reclamos.cl.	1 lectura		
Acer | Reclamos.cl	Hola a mi hijo se le queda pegado el compu el antivirus no le funciona y se le hecho a perder el cargador.	Acer,reclamos,encuentro,empresas,organizaciones,personas,sernac,quejas,jurídico,leyes	Acer		Jueves 30, Marzo 2017	Publicado por: IP 201.215.56.104 el Jueves, Marzo 30, 2017 - 21:27. La persona que publicó este contenido se ha identificado internamente con su nombre, rut y otros datos aportados voluntariamente. Para tomar contacto con el autor considere las alternativas que se presentan a la derecha del contenido. Las opiniones publicadas por los usuarios del foro no reflejan necesariamente la opinión de los administradores de Reclamos.cl.	



 

 Leer más

Acer 
            1 lectura

Cambio carcasa






 

 Leer más

Acer 
            1 lectura

Garantia






 

 Leer más

Acer 
            234 lecturas

Garantía del note de yo elijo mi pc de mi hijo






 

 Leer más

Acer 
            1 lectura

Pantalla con tinta derramada






 

 Leer más

Acer 
            203 lecturas






	
Hola a mi hijo se le queda pegado el compu el antivirus no le funciona y se le hecho a perder el cargador. 	Publicado por: IP 201.215.56.104 el Jueves, Marzo 30, 2017 - 21:27. La persona que publicó este contenido se ha identificado internamente con su nombre, rut y otros datos aportados voluntariamente. Para tomar contacto con el autor considere las alternativas que se presentan a la derecha del contenido. Las opiniones publicadas por los usuarios del foro no reflejan necesariamente la opinión de los administradores de Reclamos.cl.	1 lectura		
Acer - Cambio Carcasa | Reclamos.cl	Estimados, buenos tardes..., Mi hijo se adjudico un equipo notebook, el año 2013 y, al corto plazo se le rompió una bisagra, lo lleve a un servicio técnico, le	Acer,reclamos,encuentro,empresas,organizaciones,personas,sernac,quejas,jurídico,leyes	Acer	Cambio carcasa	Jueves 30, Noviembre 2017	Publicado por: IP 191.113.248.225 el Jueves, Noviembre 30, 2017 - 18:04. La persona que publicó este contenido se ha identificado internamente con su nombre, rut y otros datos aportados voluntariamente. Para tomar contacto con el autor considere las alternativas que se presentan a la derecha del contenido. Las opiniones publicadas por los usuarios del foro no reflejan necesariamente la opinión de los administradores de Reclamos.cl.	



 

 Leer más

Acer 
            1 lectura

Cambio carcasa






 

 Leer más

Acer 
            1 lectura

Garantia






 

 Leer más

Acer 
            234 lecturas

Garantía del note de yo elijo mi pc de mi hijo






 

 Leer más

Acer 
            1 lectura

Pantalla con tinta derramada






 

 Leer más

Acer 
            203 lecturas






	
Estimados, buenos tardes...,
Mi hijo se adjudico un equipo notebook, el año 2013 y, al corto plazo se le rompió una bisagra, lo lleve a un servicio técnico, le hicieron una reparación pero nuevamente esta roto. El problema aparte de no poder cerrarlo, afecta al boton de encendido.
Quisiera saber si ustedes tuvieran esta carcasa para poder cambiarla?
El modelo en cuestión es: Acer Aspire E1-531-4999.
A que servicio técnico acudir, dirección, por favor...
atte.,
Julio Zúñiga P. 	Publicado por: IP 191.113.248.225 el Jueves, Noviembre 30, 2017 - 18:04. La persona que publicó este contenido se ha identificado internamente con su nombre, rut y otros datos aportados voluntariamente. Para tomar contacto con el autor considere las alternativas que se presentan a la derecha del contenido. Las opiniones publicadas por los usuarios del foro no reflejan necesariamente la opinión de los administradores de Reclamos.cl.	1 lectura		
Acer - Garantia | Reclamos.cl	quisiera saber si la garantia cubre la caida de un Acer porque se me cayo y se me salieron 3 teclas y bueno tambien me cayo bebida (un poco) encima del teclado, quisiera	Acer,reclamos,encuentro,empresas,organizaciones,personas,sernac,quejas,jurídico,leyes	Acer	Garantia	Martes 28, Noviembre 2017	Publicado por: IP 181.201.168.46 el Martes, Noviembre 28, 2017 - 14:35. La persona que publicó este contenido se ha identificado internamente con su nombre, rut y otros datos aportados voluntariamente. Para tomar contacto con el autor considere las alternativas que se presentan a la derecha del contenido. Las opiniones publicadas por los usuarios del foro no reflejan necesariamente la opinión de los administradores de Reclamos.cl.	



 

 Leer más

Acer 
            1 lectura

Cambio carcasa






 

 Leer más

Acer 
            1 lectura

Garantia






 

 Leer más

Acer 
            234 lecturas

Garantía del note de yo elijo mi pc de mi hijo






 

 Leer más

Acer 
            1 lectura

Pantalla con tinta derramada






 

 Leer más

Acer 
            203 lecturas






	
quisiera saber si la garantia cubre la caida de un Acer porque se me cayo y se me salieron 3 teclas y bueno tambien me cayo bebida (un poco) encima del teclado, quisiera saber si me ayudan con eso pero el notebook enciende todo bien solo que las teclas las encontraron y cuando la intentamos poner en el teclado no se puede... me ayudan por favor
no tengo imagenes puesto que mi celular esta malo. losiento 	Publicado por: IP 181.201.168.46 el Martes, Noviembre 28, 2017 - 14:35. La persona que publicó este contenido se ha identificado internamente con su nombre, rut y otros datos aportados voluntariamente. Para tomar contacto con el autor considere las alternativas que se presentan a la derecha del contenido. Las opiniones publicadas por los usuarios del foro no reflejan necesariamente la opinión de los administradores de Reclamos.cl.	1 lectura		
Achs - Me E Realizado 2 Examenes Y Salieron Mal El Visual  | Reclamos.cl	El problema es que naci con baja visión en el ojo izquierdo uso lentes y veo perfectamente y llevo trabajando en faenas 20 años y actualmente trabajo en faena y Renove	ACHS Asociación Chilena de Seguridad,reclamos,encuentro,empresas,organizaciones,personas,sernac,quejas,jurídico,leyes	Achs	Me e realizado 2 examenes y salieron mal el visual 	Jueves 26, Octubre 2017	Publicado por: IP 190.161.114.245 el Jueves, Octubre 26, 2017 - 14:18. La persona que publicó este contenido se ha identificado internamente con su nombre, rut y otros datos aportados voluntariamente. Para tomar contacto con el autor considere las alternativas que se presentan a la derecha del contenido. Las opiniones publicadas por los usuarios del foro no reflejan necesariamente la opinión de los administradores de Reclamos.cl.	ACHS Asociación Chilena de Seguridad pago
ACHS Asociación Chilena de Seguridad atencin
ACHS Asociación Chilena de Seguridad licencias
ACHS Asociación Chilena de Seguridad medico
ACHS Asociación Chilena de Seguridad atencion
ACHS Asociación Chilena de Seguridad laboral
ACHS Asociación Chilena de Seguridad accidente
	
El problema es que naci  con baja visión en el ojo izquierdo uso lentes y veo perfectamente y llevo trabajando en faenas 20 años y actualmente trabajo en faena y Renove mi examen por la empresa que estoy actualmente en junio de este año, y ya e perdido 2 opciones de trabajo por este tema. 	Publicado por: IP 190.161.114.245 el Jueves, Octubre 26, 2017 - 14:18. La persona que publicó este contenido se ha identificado internamente con su nombre, rut y otros datos aportados voluntariamente. Para tomar contacto con el autor considere las alternativas que se presentan a la derecha del contenido. Las opiniones publicadas por los usuarios del foro no reflejan necesariamente la opinión de los administradores de Reclamos.cl.	130 lecturas	-Salud	ACHS Asociación Chilena de Seguridad
Achs  - Negligencia  | Reclamos.cl	Buenas tardes, a continuación narraré lo sucedido. Después de haber presentado un reclamo en esta misma página fui contactada por un encargado que me derivó a	ACHS Asociación Chilena de Seguridad,reclamos,encuentro,empresas,organizaciones,personas,sernac,quejas,jurídico,leyes	Achs 	Negligencia 	Lunes 16, Octubre 2017	Publicado por: IP 186.20.41.0 el Lunes, Octubre 16, 2017 - 19:23. La persona que publicó este contenido se ha identificado internamente con su nombre, rut y otros datos aportados voluntariamente. Para tomar contacto con el autor considere las alternativas que se presentan a la derecha del contenido. Las opiniones publicadas por los usuarios del foro no reflejan necesariamente la opinión de los administradores de Reclamos.cl.	ACHS Asociación Chilena de Seguridad pago
ACHS Asociación Chilena de Seguridad atencin
ACHS Asociación Chilena de Seguridad licencias
ACHS Asociación Chilena de Seguridad medico
ACHS Asociación Chilena de Seguridad atencion
ACHS Asociación Chilena de Seguridad laboral
ACHS Asociación Chilena de Seguridad accidente
	
Buenas tardes, a continuación narraré lo sucedido.
Después de haber presentado un reclamo en esta misma página fui contactada por un encargado que me derivó a realizar una apelación por mi caso. ( La Achs me rechazó como enfermedad laboral, habiendo estado con todos los síntomas, diagnosticada por un psiquiatra e incluso medicada por personal de la Achs)
Bueno, hice la apelación y dejé pasar unos días y llamé para saber en qué iba mi caso y me dijeron que estaba lista asi que debía presentarme el día 11 de  octubre a las 14: 00 h. Me presenté esperé aproximadamente 1 hora y media para que finalmente me dijeran que había ocurrido un error, la persona que agendó se equivocó, por tanto no sería atendida.
Nuevamente esperando mi resolución con mis nervios destrozados y enferma, porque de verdad estoy enferma, pero a este organismo no parece importarle las enfermedades profesionales. 	Publicado por: IP 186.20.41.0 el Lunes, Octubre 16, 2017 - 19:23. La persona que publicó este contenido se ha identificado internamente con su nombre, rut y otros datos aportados voluntariamente. Para tomar contacto con el autor considere las alternativas que se presentan a la derecha del contenido. Las opiniones publicadas por los usuarios del foro no reflejan necesariamente la opinión de los administradores de Reclamos.cl.	130 lecturas	-Salud	ACHS Asociación Chilena de Seguridad
Achs - Negligencia | Reclamos.cl	Estimados, escribo para hacer un reclamo en contra de la Achs, debido a la Negligencia sufrida por mí y también una colega. Bueno ambas pertenecemos a un colegio	ACHS Asociación Chilena de Seguridad,reclamos,encuentro,empresas,organizaciones,personas,sernac,quejas,jurídico,leyes	Achs	Negligencia	Jueves 21, Septiembre 2017	Publicado por: IP 186.20.41.0 el Jueves, Septiembre 21, 2017 - 17:40. La persona que publicó este contenido se ha identificado internamente con su nombre, rut y otros datos aportados voluntariamente. Para tomar contacto con el autor considere las alternativas que se presentan a la derecha del contenido. Las opiniones publicadas por los usuarios del foro no reflejan necesariamente la opinión de los administradores de Reclamos.cl.	ACHS Asociación Chilena de Seguridad pago
ACHS Asociación Chilena de Seguridad atencin
ACHS Asociación Chilena de Seguridad licencias
ACHS Asociación Chilena de Seguridad medico
ACHS Asociación Chilena de Seguridad atencion
ACHS Asociación Chilena de Seguridad laboral
ACHS Asociación Chilena de Seguridad accidente
	
Estimados, escribo para hacer un reclamo en contra de la Achs, debido a la Negligencia sufrida por mí y también una colega.
Bueno ambas pertenecemos a un colegio particular subvencionado en donde hemos sido maltratadas verbalmente y amenazadas por nuestros jefes( Sostenedora, Director y Jefa técnico).Producto de lo vivido mi salud mental empezó a decaer y actualmente me atiendo con una psiquiatra de Integramédica con un diagnóstico de enfermedad laboral y con medicamentos para dormir.
Lo que quiero reclamar es la poca disciplina utilizada para mi caso, ya que fui atendida, me dieron reposo, meficamentos y finalmente después de 23 días de estudio fui rechazada y por eso me estoy atendiendo con una psiquiatra de otra entidad.Lo curioso es que una colega presentó los mismos síntomas y solo le dieron 4 días de reposo y no la acogieron como enfermedad laboral, quedando en la indefención.
¿ Qué ocurre? ¿POR QUÉ OCURREN ESTAS INJUSTICIAS ?
¿ CÓMO DEMOSTRAR QUE FUIMOS MALTRATADAS?
ME HE QUEJADO EN INSPECCIÓN DEL TRABAJO, MINISTERIO DE EDUCACIÓN Y NADA.
NO HEMOS RECIBIDO NINGUNA AYUDA. 	Publicado por: IP 186.20.41.0 el Jueves, Septiembre 21, 2017 - 17:40. La persona que publicó este contenido se ha identificado internamente con su nombre, rut y otros datos aportados voluntariamente. Para tomar contacto con el autor considere las alternativas que se presentan a la derecha del contenido. Las opiniones publicadas por los usuarios del foro no reflejan necesariamente la opinión de los administradores de Reclamos.cl.	130 lecturas	-Salud	ACHS Asociación Chilena de Seguridad
Achs - Negligencia En Atención De Accidente En Moto | Reclamos.cl	El día 16 de septiembre me accidente en moto Fue accidente de trayecto por lo cual acudí ala achs de Vicuña makena la cual me diagnosticaron o golpe en las c	ACHS Asociación Chilena de Seguridad,reclamos,encuentro,empresas,organizaciones,personas,sernac,quejas,jurídico,leyes	Achs	Negligencia en atención de accidente en moto	Sábado 30, Septiembre 2017	Publicado por: IP 201.219.233.193 el Sábado, Septiembre 30, 2017 - 15:50. La persona que publicó este contenido se ha identificado internamente con su nombre, rut y otros datos aportados voluntariamente. Para tomar contacto con el autor considere las alternativas que se presentan a la derecha del contenido. Las opiniones publicadas por los usuarios del foro no reflejan necesariamente la opinión de los administradores de Reclamos.cl.	ACHS Asociación Chilena de Seguridad pago
ACHS Asociación Chilena de Seguridad atencin
ACHS Asociación Chilena de Seguridad licencias
ACHS Asociación Chilena de Seguridad medico
ACHS Asociación Chilena de Seguridad atencion
ACHS Asociación Chilena de Seguridad laboral
ACHS Asociación Chilena de Seguridad accidente
	
El día 16 de septiembre me accidente en moto
Fue accidente de trayecto por lo cual acudí ala achs de Vicuña makena la cual me diagnosticaron o golpe en las c costillas lado izquierdo basándose en radiografía dándome pastillas de calmantes y para la casa sin reposo y a trabajar
Seguí trabajando el dolor era muy fuerte no podía no respirar bien, acudí por segunda vez dándome el mismo diagnóstico
Como el dolor persistía fui por tercera vez
Y me realizaron una tomografía la ccuál aarrojo tres costillas facturadas y de nuevo para la casa y con pastillas , siendo que el dolor es tan fuerte que no puedes no caminar que no te duela
Es increíble como opera este hospital y la mala calidad de salud para los trabajadores chilenos
Siendo que otros doctores te dan licencia chantas  por puras ganas de descansar de la gente saquen sus conclusiones amigos 	Publicado por: IP 201.219.233.193 el Sábado, Septiembre 30, 2017 - 15:50. La persona que publicó este contenido se ha identificado internamente con su nombre, rut y otros datos aportados voluntariamente. Para tomar contacto con el autor considere las alternativas que se presentan a la derecha del contenido. Las opiniones publicadas por los usuarios del foro no reflejan necesariamente la opinión de los administradores de Reclamos.cl.	130 lecturas	-Salud	ACHS Asociación Chilena de Seguridad
Achs - Pago Licencias - Pagado Con 30 Días De Desfase | Reclamos.cl	El Pago de mi subsidio me llegara con más de 45 días de retraso, todo por la falta de un papel que en primera instancia no se necesitaba, el día 6 de septiembre al	ACHS Asociación Chilena de Seguridad,reclamos,encuentro,empresas,organizaciones,personas,sernac,quejas,jurídico,leyes	Achs	Pago licencias	Viernes 22, Septiembre 2017	Publicado por: IP 200.55.208.242 el Viernes, Septiembre 22, 2017 - 13:17. La persona que publicó este contenido se ha identificado internamente con su nombre, rut y otros datos aportados voluntariamente. Para tomar contacto con el autor considere las alternativas que se presentan a la derecha del contenido. Las opiniones publicadas por los usuarios del foro no reflejan necesariamente la opinión de los administradores de Reclamos.cl.	
      Al fin se logro concretar el pago.    	
El Pago de mi subsidio me llegara con más de 45 días de retraso,  todo por la falta de un papel que en primera instancia no se necesitaba, el día 6 de septiembre al rededor de las 14:00 hrs. llame a centro de atención (Desde el teléfono institucional que se encuentra en vicuña maquena 200) para saber del Pago de mi licencia, que corresponde al mes de Agosto, me informan que el Pago se realizara el 15 de Septiembre, llegado el día nada...llamo el 20 de septiembre para saber el motivo del no pago...Me solicitan comprobante de Pago de licencia (siendo que ya se había informado el pago!, se había enviado el comprobante de licencia, pero necesitan certificado de Pago y solo me informan  al yo comunicarme con ellos habiendo tenido más de 30 días para hacerlo ellos). lo envío con máxima premura... Ahora se me informa que el Pago de mi sueldo de Agosto será entregado en la quincena de Octubre un fiasco... exijo la grabación de la llamada, las disculpas del caso y el Pago de mi sueldo con todos intereses. 	Publicado por: IP 200.55.208.242 el Viernes, Septiembre 22, 2017 - 13:17. La persona que publicó este contenido se ha identificado internamente con su nombre, rut y otros datos aportados voluntariamente. Para tomar contacto con el autor considere las alternativas que se presentan a la derecha del contenido. Las opiniones publicadas por los usuarios del foro no reflejan necesariamente la opinión de los administradores de Reclamos.cl.	130 lecturas	-Salud	ACHS Asociación Chilena de Seguridad
Adecco - La Peor Empresa Contratista De Empleos | Reclamos.cl	Años lejos he tenido la peor experiencia con un empleador como Adecco prestando servicios para una empresa. No se ponen de acuerdo entre si, después de dos meses se	Adecco,reclamos,encuentro,empresas,organizaciones,personas,sernac,quejas,jurídico,leyes	Adecco	La peor empresa contratista de empleos	Miércoles 16, Agosto 2017	Publicado por: IP 186.35.29.20 el Miércoles, Agosto 16, 2017 - 07:23. La persona que publicó este contenido se ha identificado internamente con su nombre, rut y otros datos aportados voluntariamente. Para tomar contacto con el autor considere las alternativas que se presentan a la derecha del contenido. Las opiniones publicadas por los usuarios del foro no reflejan necesariamente la opinión de los administradores de Reclamos.cl.	



 

 Leer más

Adecco 
            1 lectura

No paga liquidación ni finiquitos 






 

 Leer más

Adecco 
            130 lecturas

No pago finiquitos y días trabajados






 

 Leer más

Adecco 
            364 lecturas

No pagan finiquitos






 

 Leer más

Adecco 
            273 lecturas

Pésima gestión






 

 Leer más

Adecco 
            328 lecturas

La peor empresa contratista de empleos




	
Años lejos he tenido la peor experiencia con un empleador como Adecco prestando servicios para una empresa.  No se ponen de acuerdo entre si, después de dos meses se hicieron responsables con vales de colación ya que el lugar fisico donde trabajo no me facilita donde almorzar, los vales llegan pasado la 15cena y casi fin de mes. Los contratos se demoran, llegan mal. el trabajador tiene que sacar dinero de su bolsillo para gastos de ambito laboral y se demoran bastante en reembolsar. Los encargados cuando no tienen soluciones a los empleados referentes a problemas, hablan mal de la empresa a la cual prestan servicios y sacan provechos economicos de ellas a su beneficio. 	Publicado por: IP 186.35.29.20 el Miércoles, Agosto 16, 2017 - 07:23. La persona que publicó este contenido se ha identificado internamente con su nombre, rut y otros datos aportados voluntariamente. Para tomar contacto con el autor considere las alternativas que se presentan a la derecha del contenido. Las opiniones publicadas por los usuarios del foro no reflejan necesariamente la opinión de los administradores de Reclamos.cl.	1 lectura	-Consultoría	Adecco
Adecco - No Paga Liquidación Ni Finiquitos  | Reclamos.cl	Esta empresa al momento de asistir a las entrevistas da una información y a mediados del proyecto va modificando la oferta por ejemplo tiempos de contratación,	Adecco,reclamos,encuentro,empresas,organizaciones,personas,sernac,quejas,jurídico,leyes	Adecco	No paga liquidación ni finiquitos 	Martes 26, December 2017	Publicado por: IP 186.9.134.201 el Martes, December 26, 2017 - 12:03. La persona que publicó este contenido se ha identificado internamente con su nombre, rut y otros datos aportados voluntariamente. Para tomar contacto con el autor considere las alternativas que se presentan a la derecha del contenido. Las opiniones publicadas por los usuarios del foro no reflejan necesariamente la opinión de los administradores de Reclamos.cl.	



 

 Leer más

Adecco 
            1 lectura

No paga liquidación ni finiquitos 






 

 Leer más

Adecco 
            130 lecturas

No pago finiquitos y días trabajados






 

 Leer más

Adecco 
            364 lecturas

No pagan finiquitos






 

 Leer más

Adecco 
            273 lecturas

Pésima gestión






 

 Leer más

Adecco 
            328 lecturas

La peor empresa contratista de empleos




	
Esta empresa al momento de asistir a las entrevistas da una información y a mediados del proyecto va modificando la oferta por ejemplo tiempos de contratación, beneficios horarios funciones, no cancela los sueldos en las fechas correspondientes, los encargados de la administración del outsourcing hacen caso omiso a los reclamos, preguntas y correos no valoran su talento humano. no comparecen ante las leyes Adecco Vicuña Makena 7410 muy mala experiencia, 	Publicado por: IP 186.9.134.201 el Martes, December 26, 2017 - 12:03. La persona que publicó este contenido se ha identificado internamente con su nombre, rut y otros datos aportados voluntariamente. Para tomar contacto con el autor considere las alternativas que se presentan a la derecha del contenido. Las opiniones publicadas por los usuarios del foro no reflejan necesariamente la opinión de los administradores de Reclamos.cl.	1 lectura	-Consultoría	Adecco
